tk,ret,pkr,mul,dd,pass,spy
AAPL,1.301,1.464,-0.065,-0.334,True,0.9032471620661233
GOOG,1.972,2.311,-0.313,-0.446,True,0.9153754763333528
GOOGL,2.046,2.393,-0.303,-0.443,True,0.9153754763333528
AMZN,0.451,0.651,-0.509,-0.561,True,1.100553400725611
AVGO,2.068,2.994,-0.021,-0.411,True,0.4899458221543933
META,0.902,1.444,-0.726,-0.767,True,0.9032471620661233
LLY,1.313,1.388,-0.009,-0.345,False,0.7227313954702346
MU,10.29,12.273,-0.476,-0.576,True,0.9956513441010129
BRK-B,0.73,0.868,-0.086,-0.266,True,0.8023451580849241
BRK-A,0.728,0.862,-0.082,-0.26,True,0.8023451580849241
AMD,5.17,5.627,-0.362,-0.654,True,1.1674176932502456
V,0.479,0.561,-0.273,-0.273,True,0.8083985885793605
JNJ,0.698,0.728,-0.102,-0.184,True,0.8083985885793605
MA,0.392,0.589,-0.261,-0.283,True,0.8083985885793605
AMAT,3.915,4.459,-0.456,-0.551,True,0.9067423416857745
CAT,4.205,4.591,-0.198,-0.34,True,0.8152785838880152
LRCX,5.443,6.136,-0.5,-0.564,True,0.9153754763333528
GE,4.778,4.778,-0.005,-0.214,False,0.9089028022795187
KO,0.646,0.682,-0.077,-0.173,True,0.8068813551466532
HD,0.249,0.489,-0.132,-0.347,True,0.9115290453121392
ARM,1.975,2.874,-0.244,-0.523,False,0.4040468847299692
CVX,0.995,1.52,-0.063,-0.249,False,0.8038550464912124
PLTR,11.649,19.843,-0.047,-0.482,False,0.8882713706238712
MRK,0.613,0.665,-0.094,-0.434,True,0.9068989246256576
GEV,2.155,2.268,0.0,-0.246,False,0.4105910656956988
KLAC,8.025,9.229,-0.139,-0.403,True,0.9158349783405422
PANW,2.912,2.912,-0.254,-0.36,False,0.6940564774065314
TXN,0.861,1.073,-0.184,-0.334,True,0.9153754763333528
RTX,0.555,0.714,-0.098,-0.193,True,0.3030241645919505
AXP,1.137,1.35,-0.209,-0.315,True,0.8113170241498278
ANET,7.115,7.656,-0.039,-0.504,True,0.9077429187656374
MRVL,2.24,2.769,-0.592,-0.619,False,0.751855010293649
APH,4.451,4.581,-0.048,-0.287,True,0.9158349783405422
CRWD,2.587,2.631,-0.56,-0.677,False,0.8918076158487358
WDC,13.152,16.649,-0.462,-0.553,True,0.7012401685308081
MCD,0.27,0.598,-0.045,-0.22,True,0.8152785838880152
TMUS,0.349,1.08,-0.242,-0.371,True,0.9235790984689998
QCOM,0.337,0.845,-0.296,-0.443,True,0.8158989576920381
STX,10.831,13.133,-0.436,-0.57,True,0.7331253058096918
TMO,0.124,0.442,-0.149,-0.41,True,0.8939588917373562
ADI,1.659,2.045,-0.12,-0.322,True,0.9458647482207123
APP,4.494,6.138,-0.91,-0.915,False,0.6999299130160765
SCHW,0.626,0.808,-0.233,-0.497,True,1.0473654159746326
DE,0.861,0.954,-0.187,-0.338,True,0.9067423416857745
DIS,-0.455,0.027,-0.562,-0.573,False,0.7902786905653632
UNP,0.412,0.413,-0.131,-0.318,True,0.8299517463157762
ABT,-0.148,0.265,-0.237,-0.396,True,0.9229778298067113
WELL,0.712,0.712,-0.102,-0.13,False,0.30649578885144946
ETN,1.759,1.916,-0.212,-0.345,True,0.8063489460020139
ISRG,0.24,0.88,-0.436,-0.499,True,0.83378420994853
BX,0.234,0.952,-0.334,-0.493,True,0.8008788571757468
SCCO,2.184,3.066,-0.325,-0.431,True,0.9158349783405422
CB,1.198,1.198,-0.089,-0.193,False,0.9158349783405422
DHR,-0.137,0.281,-0.281,-0.438,True,0.9392095351609058
CRM,-0.357,0.43,-0.503,-0.587,False,0.7366114854109405
PGR,0.965,1.385,-0.002,-0.304,False,0.6935587391237821
PFE,-0.229,0.558,-0.361,-0.59,True,0.9486150673233658
VRTX,1.564,1.661,-0.065,-0.291,True,0.7092571954931832
PLD,0.484,0.648,-0.112,-0.433,True,1.0529199299928114
SPGI,0.201,0.532,-0.24,-0.305,True,0.8957651064345447
COF,0.402,0.752,-0.445,-0.504,True,0.817223650596163
COP,1.177,1.802,-0.067,-0.363,False,0.9077429187656374
SYK,0.226,0.563,-0.289,-0.317,True,0.8158989576920381
VRT,13.936,17.041,-0.607,-0.712,False,1.0588743903614963
FTNT,1.67,1.67,-0.229,-0.383,True,0.8210445108029081
SBUX,-0.051,0.029,-0.42,-0.42,True,0.8151543709828799
BMY,0.105,0.361,-0.288,-0.477,False,0.9032471620661233
NOW,-0.1,0.991,-0.419,-0.645,False,0.8083985885793605
SO,0.429,0.477,-0.193,-0.233,True,0.9348875943452808
NEM,0.794,1.527,-0.451,-0.624,True,0.8299517463157762
PWR,4.917,5.719,-0.075,-0.339,True,0.9068989246256576
MAR,1.779,2.037,-0.058,-0.305,False,0.8063489460020139
MNST,0.971,0.977,-0.266,-0.266,False,0.8023451580849241
UPS,-0.358,0.097,-0.538,-0.579,False,0.9229778298067113
WM,0.656,0.815,-0.028,-0.181,True,0.8151543709828799
MELI,0.061,0.591,-0.627,-0.686,False,1.0588743903614963
DDOG,1.034,1.135,-0.518,-0.681,False,0.8008788571757468
SNOW,-0.236,0.087,-0.682,-0.708,False,0.751855010293649
CSX,0.576,0.576,-0.18,-0.294,True,0.8299517463157762
WMB,2.778,3.092,-0.014,-0.23,True,0.9117117228618064
ABNB,-0.265,0.034,-0.588,-0.602,False,0.6953580442761287
NET,0.996,1.209,-0.693,-0.826,False,0.8008788571757468
FCX,0.541,0.826,-0.394,-0.513,False,0.9229778298067113
ADBE,-0.563,0.424,-0.6,-0.719,True,1.0172029188624094
SNPS,0.57,1.229,-0.099,-0.41,True,0.8228705610717741
BE,11.462,13.888,-0.631,-0.759,False,0.9077429187656374
ACN,-0.646,0.056,-0.664,-0.682,True,0.7029178740509554
DASH,2.625,4.408,-0.101,-0.48,False,1.079143048901234
VLO,3.746,3.746,-0.088,-0.412,False,0.8083985885793605
EPD,1.255,1.457,-0.071,-0.181,True,0.8023451580849241
MPC,4.279,4.326,-0.03,-0.447,False,0.8152785838880152
HLT,1.561,1.7,-0.164,-0.326,False,0.8083985885793605
CVNA,0.197,0.688,-0.987,-0.99,False,1.0979161861708495
RCL,3.486,4.295,-0.552,-0.552,False,0.9068989246256576
AON,-0.066,0.105,-0.162,-0.242,True,0.31265581263209286
AMT,-0.313,0.074,-0.413,-0.453,True,0.8083985885793605
CI,-0.098,0.084,-0.213,-0.274,False,0.3366632132252856
INTU,-0.376,0.872,-0.404,-0.682,True,0.9115290453121392
ALAB,5.014,5.742,-0.006,-0.602,False,0.3459120426413127
NSC,0.384,0.413,-0.246,-0.356,True,0.8158989576920381
PSX,1.942,2.151,-0.091,-0.444,False,0.8063489460020139
NXPI,0.542,0.831,-0.289,-0.465,False,0.914825446507102
KMI,1.512,1.717,-0.056,-0.203,True,0.9184096152561223
APO,1.074,2.058,-0.062,-0.428,False,1.0483914870344244
GM,0.441,0.645,-0.504,-0.59,True,0.8152785838880152
EOG,1.285,1.643,-0.092,-0.334,True,0.8152785838880152
URI,2.213,2.293,-0.083,-0.37,True,0.9189518987282053
APD,0.251,0.327,-0.206,-0.318,True,0.8023451580849241
SLB,0.806,1.327,-0.046,-0.466,False,0.9153754763333528
REGN,0.268,1.419,-0.025,-0.597,True,0.9077429187656374
ROST,0.898,1.151,-0.397,-0.441,True,0.8960696934591954
BSX,-0.017,1.468,-0.196,-0.605,False,0.8008788571757468
PCAR,1.673,1.846,-0.034,-0.277,True,0.8210445108029081
ET,1.889,2.092,-0.14,-0.258,False,0.8939588917373562
MPWR,3.317,4.47,-0.045,-0.516,True,0.9129008781490326
COHR,9.506,11.166,-0.212,-0.548,True,1.0914806255069096
WBD,0.912,1.138,-0.521,-0.579,False,0.9002582425274663
ALL,1.068,1.068,-0.189,-0.273,True,0.9229778298067113
DLR,0.62,0.862,-0.284,-0.485,False,1.0588743903614963
CIEN,8.316,11.631,-0.186,-0.455,True,0.9525434598786133
D,0.291,0.324,-0.34,-0.354,False,1.079143048901234
SRE,0.307,0.416,-0.143,-0.316,True,0.9153045257781423
DAL,1.326,1.341,-0.322,-0.479,False,0.8266800905400389
TEL,0.475,0.811,-0.257,-0.343,True,0.8083985885793605
CARR,0.395,0.563,-0.375,-0.408,True,0.8083985885793605
MET,0.523,0.551,-0.217,-0.351,True,0.9077429187656374
CTVA,0.843,0.885,-0.065,-0.348,True,0.7012401685308081
PSA,0.113,0.172,-0.266,-0.3,True,0.8951288530965131
TRGP,6.476,7.026,-0.025,-0.316,False,0.9077429187656374
RKLB,13.094,20.159,-0.503,-0.555,False,0.8707585038041896
F,0.319,0.815,-0.211,-0.565,True,0.8083985885793605
OKE,0.126,0.424,-0.177,-0.422,True,0.4601387616180128
EW,-0.188,0.154,-0.473,-0.543,False,0.817223650596163
ROK,0.755,0.8,-0.351,-0.451,True,0.8151543709828799
VST,9.418,13.762,-0.021,-0.488,False,0.9235790984689998
BKR,1.391,2.084,-0.165,-0.465,False,0.7530148430834935
ETR,1.328,1.421,-0.163,-0.226,False,1.1090685719559783
LNG,2.158,2.836,-0.007,-0.249,False,0.9235790984689998
NUE,0.884,1.285,-0.251,-0.478,True,0.7956440481290941
EBAY,0.963,1.093,-0.394,-0.536,True,1.0769473707054105
AXON,3.604,5.752,-0.346,-0.603,False,0.8939588917373562
CRDO,24.13,28.342,-0.287,-0.611,False,0.9579919443375613
FANG,1.581,2.19,-0.171,-0.421,False,0.8939588917373562
OXY,0.998,1.978,-0.146,-0.508,False,0.8063489460020139
AZO,1.322,2.142,0.0,-0.326,True,0.8841834436270584
TTWO,1.022,1.119,-0.244,-0.315,True,0.9100519882658946
NDAQ,0.27,0.54,0.0,-0.234,True,0.4601387616180128
MCHP,0.146,0.328,-0.559,-0.638,True,0.7012401685308081
GRMN,0.916,1.148,-0.414,-0.546,True,0.9153754763333528
DVN,1.064,2.396,-0.021,-0.608,False,0.9229778298067113
YUM,0.324,0.371,-0.197,-0.231,True,0.8038550464912124
ODFL,0.637,0.868,-0.146,-0.452,True,0.8038550464912124
IDXX,-0.208,0.13,-0.522,-0.54,True,0.817223650596163
COIN,-0.287,0.88,-0.368,-0.664,True,0.5145064309712304
DHI,1.162,1.659,-0.2,-0.444,True,1.1422940771179984
CMG,-0.031,0.897,-0.334,-0.589,True,0.8113170241498278
UAL,1.843,1.864,-0.344,-0.492,False,0.8299517463157762
BDX,-0.14,0.182,-0.292,-0.401,True,1.0769473707054105
AIG,0.442,0.61,-0.178,-0.264,True,0.6953580442761287
IBKR,4.711,4.929,-0.212,-0.387,True,0.9129008781490326
LYV,1.315,1.315,-0.178,-0.482,False,0.8063489460020139
HEI,1.069,1.069,-0.114,-0.271,True,0.9732199447206258
HEI-A,0.906,1.01,-0.116,-0.271,True,0.9732199447206258
ALNY,0.91,2.111,-0.237,-0.434,False,1.0529199299928114
TEVA,2.853,3.187,0.0,-0.437,False,0.7756737241680982
RBLX,0.523,2.72,-0.201,-0.708,False,0.7618260595991446
NTRA,2.05,2.05,-0.689,-0.777,False,0.8939588917373562
RVMD,8.542,8.803,-0.066,-0.486,False,1.0594430438197686
SYY,0.189,0.288,-0.167,-0.273,False,0.7620920510611309
PEG,0.405,0.565,-0.175,-0.227,False,0.9254520008448179
ARES,1.496,3.138,-0.049,-0.5,True,0.9077429187656374
RDDT,0.658,1.269,-0.272,-0.614,False,0.3104603454080639
WEC,0.42,0.452,-0.147,-0.26,True,0.9077429187656374
CCL,0.105,0.303,-0.755,-0.755,False,0.8509717905428467
ADM,0.395,0.593,-0.27,-0.541,True,0.9153754763333528
WAT,0.202,0.35,-0.248,-0.443,False,0.9077429187656374
A,-0.224,0.007,-0.428,-0.432,True,0.7637692252488415
ON,1.085,1.951,-0.296,-0.704,True,0.8210445108029081
TKO,0.756,0.936,-0.034,-0.211,False,0.4367501935981275
MLM,0.572,0.92,-0.215,-0.268,True,0.8951288530965131
HBAN,0.543,0.611,-0.314,-0.442,True,0.8008788571757468
STRC,0.03,0.153,-0.127,-0.243,False,0.8674576142529726
ACGL,1.541,1.816,-0.097,-0.224,True,0.9077429187656374
MSTR,1.847,13.446,-0.174,-0.826,False,0.8674576142529726
IRM,2.294,2.595,-0.039,-0.39,False,0.8038550464912124
IQV,-0.183,0.136,-0.449,-0.515,True,0.8158989576920381
CPNG,-0.053,0.752,-0.325,-0.549,False,0.9825319139118855
WDAY,-0.516,0.141,-0.582,-0.634,False,0.7856647822457816
QSR,0.272,0.44,-0.279,-0.279,True,0.817223650596163
STLD,3.429,4.635,-0.02,-0.322,True,0.9032471620661233
CCI,-0.499,0.09,-0.515,-0.555,False,0.8008788571757468
UI,0.631,2.293,-0.687,-0.722,True,1.0688051793726707
MRNA,0.548,0.548,-0.523,-0.53,False,0.27613730961175653
RJF,0.858,1.045,-0.064,-0.321,True,0.8023451580849241
EQT,1.716,2.505,-0.217,-0.426,False,0.9077429187656374
EXR,0.221,0.559,-0.242,-0.514,True,0.9117117228618064
EXPE,0.8,1.041,-0.438,-0.609,False,0.8008788571757468
TWLO,-0.319,0.334,-0.861,-0.896,False,0.9077429187656374
RMD,-0.115,0.283,-0.423,-0.429,True,0.8655719917659352
ONC,-0.068,0.292,-0.612,-0.7,False,0.9077429187656374
ZTS,-0.623,0.225,-0.626,-0.695,True,0.8038550464912124
IR,0.681,1.187,-0.175,-0.366,False,0.817223650596163
ASTS,10.557,16.864,-0.73,-0.856,False,0.9722910543231689
AEE,0.553,0.638,-0.129,-0.234,True,1.079143048901234
VEEV,-0.368,0.17,-0.482,-0.557,True,0.8918076158487358
LVS,0.08,0.605,-0.335,-0.512,False,0.8113170241498278
CRS,15.699,15.882,-0.333,-0.36,False,0.8444963687421909
CFG,1.079,1.079,-0.409,-0.562,True,0.8063489460020139
TDY,0.455,0.515,-0.271,-0.322,True,0.8210445108029081
MTZ,2.51,2.932,-0.572,-0.61,True,0.9077429187656374
CQP,1.149,1.454,-0.02,-0.291,True,0.8038550464912124
CASY,3.128,3.822,-0.117,-0.171,True,0.7672503854394792
NRG,3.639,5.045,-0.075,-0.342,True,0.9077429187656374
ILMN,-0.527,0.312,-0.819,-0.862,False,0.9153754763333528
TPR,3.028,3.477,-0.334,-0.419,True,0.8116467177284066
ATO,0.907,1.108,-0.15,-0.191,True,0.9229778298067113
DOV,0.408,0.505,-0.278,-0.356,True,0.8486307417784629
EIX,0.267,0.401,-0.214,-0.439,False,0.8951288530965131
MDB,0.143,0.86,-0.563,-0.765,False,0.8918076158487358
AFRM,0.872,1.058,-0.801,-0.815,False,0.8029820295419239
DXCM,-0.466,0.263,-0.574,-0.663,True,0.8083985885793605
TPL,1.676,2.688,-0.322,-0.525,True,0.8038550464912124
PPG,-0.149,0.091,-0.384,-0.436,True,0.8486307417784629
AVB,0.373,0.609,-0.021,-0.294,True,1.0483914870344244
ES,0.133,0.169,-0.275,-0.371,True,1.079143048901234
PPL,0.424,0.579,-0.177,-0.247,True,0.8957651064345447
FTI,7.517,9.065,-0.285,-0.474,False,0.9117117228618064
SYM,0.6,2.107,-0.377,-0.725,False,0.8804920125742404
WRB,0.7,0.839,-0.176,-0.263,True,0.8951288530965131
WSM,2.01,2.169,-0.356,-0.519,True,0.8960696934591954
ATI,10.689,11.414,-0.145,-0.38,False,0.7196929505274969
HUBB,1.68,2.041,-0.115,-0.326,True,0.8158989576920381
MTD,-0.121,0.15,-0.35,-0.435,True,0.817223650596163
P,1.331,1.983,-0.328,-0.486,False,0.6962631398966324
OKTA,-0.481,0.0,-0.834,-0.834,False,0.7583593743470534
TROW,-0.292,0.097,-0.541,-0.582,True,0.8083985885793605
ROIV,2.193,2.226,-0.236,-0.365,False,0.7251919664215694
NVT,4.141,4.924,-0.086,-0.467,False,0.8063489460020139
KEY,0.467,0.477,-0.522,-0.652,True,0.8210445108029081
WST,0.121,0.43,-0.418,-0.593,True,0.9158349783405422
WWD,2.355,2.479,-0.062,-0.193,True,0.730211040079721
FSLR,0.271,0.743,-0.341,-0.6,False,0.8814949576529814
MTSI,5.194,6.237,-0.221,-0.449,False,0.9032471620661233
ZM,-0.724,0.229,-0.83,-0.862,True,1.0488822886475746
MKSI,1.414,1.612,-0.657,-0.692,True,1.0699264163248094
LUV,-0.114,0.016,-0.632,-0.638,False,0.914825446507102
FTAI,12.356,14.762,-0.33,-0.521,False,0.7296158296339583
MKL,0.584,0.811,-0.116,-0.289,True,0.8063489460020139
FWONA,1.238,1.458,-0.012,-0.257,False,0.8008788571757468
FWONK,1.1,1.313,-0.025,-0.248,False,0.8008788571757468
LPLA,1.204,1.987,0.0,-0.332,True,0.8063489460020139
ZS,-0.165,1.103,-0.504,-0.764,False,1.1292709503267724
PFG,0.634,0.686,-0.111,-0.293,True,0.9100519882658946
XPO,3.192,3.623,-0.491,-0.532,True,0.8152785838880152
INSM,4.197,9.268,-0.21,-0.565,False,0.9068989246256576
TW,-0.044,0.398,-0.138,-0.384,True,0.4160426898980516
L,1.09,1.09,-0.101,-0.157,True,0.912748704845953
SOFI,1.361,3.124,-0.449,-0.53,False,0.9100519882658946
DGX,1.037,1.037,-0.024,-0.286,True,1.072440009303707
RL,2.573,2.71,-0.3,-0.365,True,0.8063489460020139
LH,0.259,0.28,-0.256,-0.346,True,0.9235790984689998
DRI,0.501,0.628,-0.273,-0.273,True,0.8340477027690079
UTHR,1.36,1.574,-0.091,-0.33,True,0.7174498455101386
INCY,0.336,0.346,-0.399,-0.415,False,1.0553395687879839
OMC,0.234,0.602,-0.125,-0.333,True,0.8486307417784629
USFD,1.937,1.952,-0.239,-0.328,False,0.8023451580849241
CHRW,1.169,1.267,-0.263,-0.406,True,0.9158349783405422
FOXA,-0.011,0.384,-0.108,-0.356,False,0.29549142617085744
ENTG,0.405,0.565,-0.474,-0.593,True,0.8151543709828799
FOX,-0.042,0.333,-0.122,-0.341,False,0.29549142617085744
STRL,31.343,40.389,-0.132,-0.477,False,0.8951288530965131
TEAM,-0.53,0.824,-0.677,-0.823,False,0.5048816718556053
EXPD,0.895,0.895,-0.054,-0.356,True,1.0564992794022463
UDR,-0.107,0.113,-0.382,-0.444,False,0.8083985885793605
SNA,1.046,1.046,-0.124,-0.208,True,0.8299517463157762
FIS,-0.353,0.377,-0.402,-0.565,False,0.5163297949542807
RBA,1.151,1.26,-0.049,-0.207,True,0.8794898466917025
GPN,-0.535,0.039,-0.615,-0.629,True,0.8210445108029081
IFF,-0.327,0.136,-0.516,-0.574,True,0.9129008781490326
ROKU,-0.666,0.141,-0.908,-0.919,False,1.108782636834599
STE,0.021,0.284,-0.254,-0.362,True,0.8023451580849241
HPQ,-0.127,0.439,-0.298,-0.512,True,0.8918076158487358
DKS,1.724,1.862,-0.236,-0.488,True,0.9077429187656374
EFX,-0.265,0.368,-0.339,-0.497,True,0.9392095351609058
IP,-0.097,0.251,-0.318,-0.455,True,0.3459120426413127
EVRG,0.661,0.681,-0.174,-0.298,True,0.9077429187656374
ESS,0.101,0.14,-0.36,-0.439,True,0.8082130152472555
LII,0.792,1.094,-0.444,-0.469,True,0.9144126808811726
DOW,-0.428,0.179,-0.58,-0.644,True,0.8113170241498278
BURL,-0.026,0.091,-0.661,-0.689,True,0.9067423416857745
SNX,1.365,1.625,-0.302,-0.365,True,0.8341641763921526
ULTA,0.317,1.047,-0.089,-0.446,True,0.9067423416857745
FTV,0.153,0.201,-0.26,-0.321,False,0.8083985885793605
RS,1.57,1.853,-0.104,-0.223,True,0.8083985885793605
SBAC,-0.327,0.344,-0.388,-0.545,True,0.9077429187656374
DD,0.506,0.668,-0.365,-0.402,True,0.9235790984689998
LSCC,1.442,1.592,-0.368,-0.611,False,0.8152785838880152
APG,2.639,3.303,-0.229,-0.274,False,0.839122542773342
PAGP,2.412,2.668,-0.045,-0.223,False,0.8008788571757468
IONQ,3.822,6.701,-0.384,-0.676,False,0.7756737241680982
H,1.584,1.736,-0.074,-0.373,False,0.8152785838880152
NVR,0.292,0.93,-0.286,-0.439,True,0.9235790984689998
RBRK,0.136,0.382,-0.393,-0.561,False,0.25772361318498915
BEN,0.426,0.426,-0.347,-0.474,True,0.8063489460020139
THC,1.685,2.438,-0.473,-0.589,True,0.817223650596163
GPC,0.038,0.506,-0.182,-0.457,True,0.8299517463157762
SMCI,5.139,25.378,-0.227,-0.848,True,0.6953580442761287
CDE,0.974,2.236,-0.76,-0.818,False,1.0441306949630862
NBIX,0.967,0.993,-0.111,-0.429,True,0.839122542773342
NXT,1.033,1.738,-0.452,-0.486,True,0.5403484028155643
CF,1.514,2.186,-0.088,-0.484,True,0.8023451580849241
ZBH,-0.389,0.027,-0.424,-0.439,True,0.8063489460020139
WES,1.346,1.575,-0.091,-0.185,True,0.8957651064345447
TLN,1.779,2.435,0.0,-0.338,False,0.4065598090233251
RGLD,1.0,2.056,-0.167,-0.407,True,1.0769473707054105
TOST,0.227,1.107,-0.046,-0.547,False,0.469963978132097
LYB,-0.258,0.287,-0.426,-0.554,True,0.817223650596163
ITT,1.05,1.402,-0.33,-0.38,False,0.8008788571757468
KIM,0.315,0.359,-0.238,-0.336,True,0.6953580442761287
WY,-0.265,0.147,-0.346,-0.43,True,0.9158349783405422
SGI,0.9,1.401,-0.518,-0.585,True,0.8152785838880152
BBY,-0.165,0.193,-0.434,-0.526,True,0.8918076158487358
TPG,0.026,0.72,-0.071,-0.448,True,0.4788977151606493
WSO,0.684,1.253,-0.162,-0.416,True,0.8038550464912124
SITM,7.429,9.796,-0.122,-0.781,False,0.9229778298067113
MEDP,2.112,2.553,-0.255,-0.429,True,0.8151543709828799
GEN,0.288,0.555,-0.288,-0.436,True,0.9005650152212934
HST,0.837,0.904,-0.089,-0.36,False,0.8038550464912124
CG,0.343,1.156,-0.289,-0.568,False,1.0529199299928114
TSCO,-0.096,0.726,-0.183,-0.527,True,0.9077429187656374
CPT,-0.153,0.111,-0.447,-0.502,False,0.7296158296339583
ALB,-0.393,0.38,-0.778,-0.839,False,0.839122542773342
WPC,0.279,0.368,-0.211,-0.211,True,0.6919278004007945
PAA,2.396,2.687,-0.058,-0.223,False,0.8008788571757468
CLH,1.938,2.17,-0.163,-0.309,True,0.8152785838880152
TTMI,11.808,14.785,-0.201,-0.357,False,0.8152785838880152
WCC,2.857,3.498,-0.05,-0.374,False,1.0588743903614963
DOC,-0.14,0.124,-0.484,-0.541,False,0.9229778298067113
JAZZ,0.547,0.569,-0.363,-0.42,False,0.8063489460020139
TRU,-0.147,0.233,-0.512,-0.519,True,0.8964042922773103
PR,3.506,4.612,-0.109,-0.443,False,0.8152785838880152
BBIO,10.122,10.927,-0.222,-0.491,False,0.9068989246256576
GNRC,-0.163,0.567,-0.745,-0.837,True,1.0699264163248094
ONTO,3.55,3.901,-0.235,-0.628,True,0.8038550464912124
SUI,-0.049,0.403,-0.281,-0.487,False,1.0528674337113038
OVV,1.465,1.976,-0.051,-0.471,False,0.9032471620661233
CSL,0.458,0.904,-0.199,-0.377,True,0.9152764175839752
YUMC,-0.296,0.119,-0.513,-0.565,True,0.9077429187656374
OWL,-0.072,1.624,-0.137,-0.671,False,1.079143048901234
EG,0.501,0.649,-0.105,-0.238,True,0.9129008781490326
ARMK,1.349,1.382,-0.157,-0.276,False,0.800105771635057
DTM,0.522,0.596,0.0,-0.098,True,0.3619550759866952
RGA,0.88,0.968,-0.248,-0.271,True,0.8939588917373562
DECK,0.761,2.916,-0.337,-0.643,True,0.9033375583012822
REG,0.309,0.349,-0.252,-0.301,True,0.6953580442761287
RRX,0.483,0.54,-0.398,-0.481,True,0.8076348334917285
PTC,-0.085,0.654,-0.254,-0.481,False,0.9235790984689998
SWK,-0.477,0.053,-0.698,-0.713,True,0.9153754763333528
UNM,3.307,3.37,-0.078,-0.283,True,1.0441306949630862
WMG,-0.151,0.368,-0.371,-0.54,False,0.8063489460020139
ALLY,0.216,0.247,-0.236,-0.298,True,0.4736007573254042
NTNX,-0.222,0.262,-0.477,-0.586,False,0.4903509888823445
COO,-0.231,0.218,-0.37,-0.482,True,0.8918076158487358
LOGI,-0.018,0.331,-0.571,-0.678,True,1.0874880314551407
EXEL,2.128,2.175,-0.133,-0.354,True,0.8038550464912124
BTSG,3.155,3.155,-0.071,-0.356,False,0.3310454178350948
SUN,1.543,1.709,-0.025,-0.213,True,0.8038550464912124
RNR,0.572,0.603,-0.137,-0.231,False,0.9017388574286835
EVR,1.559,1.86,-0.434,-0.496,True,0.9077429187656374
IONS,1.081,1.273,-0.33,-0.524,False,0.839122542773342
CRBG,0.058,0.279,-0.186,-0.363,True,0.495963465196392
LULU,-0.647,0.552,-0.68,-0.794,True,0.9091099180899882
DOCN,0.285,0.611,-0.824,-0.848,False,0.6953580442761287
BWA,0.504,0.8,-0.428,-0.459,False,0.9229778298067113
ALGN,-0.69,0.248,-0.786,-0.829,False,0.9229778298067113
CNH,-0.122,0.306,-0.266,-0.438,False,0.9301268199814903
TYL,-0.383,0.322,-0.437,-0.574,False,0.8063489460020139
IESC,12.13,13.379,-0.526,-0.542,True,0.8038550464912124
DT,-0.288,0.236,-0.527,-0.618,False,0.8158989576920381
AA,0.25,1.391,-0.413,-0.755,False,0.9229778298067113
FNF,0.373,0.752,-0.218,-0.367,True,0.8939588917373562
ICLR,-0.19,0.603,-0.629,-0.769,True,0.8113170241498278
VICR,2.562,2.863,-0.676,-0.805,False,1.0588743903614963
EQH,0.54,0.926,-0.26,-0.358,False,0.8038550464912124
U,-0.762,0.587,-0.89,-0.931,False,0.7956440481290941
SMTC,1.258,1.684,-0.794,-0.854,False,0.9020247621431718
ZBRA,-0.445,0.274,-0.59,-0.678,True,0.9235790984689998
AVY,-0.168,0.131,-0.269,-0.318,True,0.8063489460020139
RVTY,-0.172,0.46,-0.402,-0.59,True,0.9301268199814903
WBS,0.87,0.87,-0.292,-0.421,False,0.9002582425274663
MLI,4.546,5.783,-0.114,-0.278,True,0.9214986159750111
GGG,0.044,0.319,-0.246,-0.29,True,0.83378420994853
ELAN,-0.253,0.139,-0.749,-0.78,False,0.8939588917373562
PEN,0.225,0.391,-0.551,-0.601,False,0.8023451580849241
AXSM,1.814,1.984,-0.064,-0.306,False,0.4736007573254042
PINS,-0.679,0.177,-0.774,-0.808,False,0.9153754763333528
MOD,16.05,20.401,-0.462,-0.516,False,0.8038550464912124
SMMT,1.814,6.182,-0.867,-0.876,False,0.6993477778294597
WTS,1.414,1.479,-0.281,-0.441,True,0.8038550464912124
RMBS,4.021,5.921,-0.165,-0.488,False,0.8008788571757468
TRMB,-0.409,0.076,-0.541,-0.574,True,0.8023451580849241
TXRH,1.33,1.442,-0.207,-0.262,True,0.8008788571757468
PNR,0.14,0.667,-0.442,-0.505,True,0.8151543709828799
ARWR,0.21,0.359,-0.85,-0.889,False,0.9235790984689998
KNX,0.382,0.472,-0.33,-0.38,True,0.7092571954931832
PAG,1.256,1.342,-0.036,-0.24,True,0.8083985885793605
ALLE,0.075,0.371,-0.349,-0.389,True,0.8299517463157762
MGM,0.213,0.299,-0.342,-0.493,False,0.8008788571757468
FROG,1.393,1.406,-0.551,-0.562,False,0.6953580442761287
MOH,-0.088,0.645,-0.519,-0.708,True,0.9032471620661233
AEIS,3.495,3.906,-0.006,-0.399,True,1.0349671498705182
OC,0.703,1.305,-0.221,-0.525,True,0.8158989576920381
AFG,0.858,0.876,-0.014,-0.238,True,0.8939588917373562
CLX,-0.354,0.071,-0.423,-0.461,False,0.3104603454080639
AAL,-0.144,0.05,-0.572,-0.593,False,0.8299517463157762
HUT,3.572,4.748,-0.54,-0.648,False,0.27276108602901417
SANM,2.878,3.449,-0.288,-0.327,True,0.8960775008926849
BAX,-0.666,0.072,-0.757,-0.773,True,0.8444963687421909
SPXC,2.311,2.521,-0.119,-0.335,True,1.079143048901234
WMS,0.333,0.567,-0.339,-0.501,True,0.8038550464912124
CGNX,-0.05,0.184,-0.693,-0.741,True,0.9077429187656374
SF,0.674,1.06,-0.257,-0.363,True,0.9077429187656374
GWRE,-0.265,0.507,-0.409,-0.608,False,0.2505226277659509
VSAT,0.529,0.654,-0.874,-0.898,False,0.8023451580849241
BMRN,-0.132,0.094,-0.254,-0.318,True,0.3366632132252856
AHR,3.439,3.439,-0.012,-0.136,False,0.9722910543231689
BROS,1.055,1.393,-0.361,-0.453,False,0.9825319139118855
JEF,1.012,2.073,-0.125,-0.544,True,0.9570107914462302
CRL,-0.441,0.118,-0.757,-0.782,True,0.8152785838880152
SAIA,0.85,1.681,-0.244,-0.609,True,0.8083985885793605
TECH,-0.288,0.322,-0.567,-0.672,True,0.8939588917373562
PODD,-0.295,0.556,-0.437,-0.613,False,0.8939588917373562
KRYS,2.407,2.468,-0.12,-0.423,False,0.7681342245819609
HAS,-0.017,0.269,-0.529,-0.55,True,0.8158989576920381
WULF,0.129,0.727,-0.974,-0.985,False,0.7902786905653632
WTFC,1.412,1.412,-0.145,-0.407,True,0.8008788571757468
VMI,1.46,1.564,-0.188,-0.452,True,0.8083985885793605
GMED,-0.049,0.212,-0.452,-0.479,True,0.8152785838880152
TEM,0.048,0.757,-0.279,-0.59,False,0.35157231283303414
SCI,0.497,0.704,-0.068,-0.271,True,0.9235790984689998
AR,2.896,4.392,-0.022,-0.584,True,1.0441306949630862
CYTK,0.592,1.018,-0.498,-0.724,False,0.9002582425274663
ALGM,1.279,1.511,-0.404,-0.686,False,0.817223650596163
FRT,0.226,0.27,-0.239,-0.35,False,0.8152785838880152
AES,-0.326,0.153,-0.578,-0.634,False,1.0979161861708495
GSAT,4.804,5.052,0.0,-0.507,False,0.8804920125742404
ESI,1.088,1.24,-0.302,-0.4,True,0.8083985885793605
GME,-0.589,0.123,-0.818,-0.838,False,0.8960696934591954
AGX,16.065,16.824,-0.332,-0.437,True,0.7650973072828906
ORI,1.402,1.561,-0.072,-0.204,True,0.9158349783405422
ARW,0.784,0.999,-0.231,-0.382,True,0.9077429187656374
KTOS,1.673,5.589,-0.016,-0.646,False,0.4790408499704797
GTLS,0.099,0.261,-0.458,-0.57,False,0.9070845929063815
OGE,0.767,0.825,-0.029,-0.219,False,0.9077429187656374
BLD,0.658,1.577,-0.337,-0.494,True,0.8063489460020139
HUBS,-0.641,0.628,-0.675,-0.8,False,1.0445997578143573
HLI,1.295,2.455,-0.04,-0.366,True,1.0769473707054105
AAOI,8.475,14.208,0.0,-0.476,False,0.3365989385833634
TKR,1.022,1.072,-0.309,-0.376,True,0.8210445108029081
HSIC,0.093,0.19,-0.199,-0.327,True,0.8063489460020139
COMP,1.946,2.188,-0.026,-0.508,False,0.43068388876180785
CORT,2.531,3.558,-0.043,-0.719,True,0.5286721966646131
VIRT,0.615,0.659,-0.163,-0.278,True,0.3624955406865249
FIVE,-0.015,0.336,-0.699,-0.764,True,0.8918076158487358
ENSG,0.781,1.33,-0.026,-0.318,True,0.7084923402267744
SNEX,1.114,1.375,-0.067,-0.209,True,0.3459120426413127
ALSN,2.179,2.672,-0.18,-0.336,True,0.8083985885793605
WLK,-0.018,1.083,-0.254,-0.642,True,0.8063489460020139
HALO,0.804,0.903,-0.291,-0.491,True,0.9129008781490326
FLS,1.05,1.591,-0.027,-0.388,True,0.8449489876838356
LEVI,-0.016,0.053,-0.523,-0.547,True,0.8492316675465152
OSCR,0.538,0.538,-0.477,-0.534,False,0.4790408499704797
KYMR,0.896,0.933,-0.818,-0.835,False,0.8008788571757468
MP,0.272,1.312,-0.754,-0.82,True,0.7133130548182629
BRKR,-0.107,0.374,-0.57,-0.687,True,0.9129008781490326
IBRX,2.665,3.602,-0.211,-0.424,False,0.29549142617085744
SWKS,-0.588,0.078,-0.708,-0.729,True,1.1674176932502456
MSGS,1.248,1.292,-0.258,-0.32,False,0.9077429187656374
ADC,0.34,0.418,-0.163,-0.295,True,0.9117117228618064
FORM,2.303,2.591,-0.48,-0.549,True,0.469963978132097
FRHC,1.803,2.392,-0.311,-0.459,True,1.0553395687879839
DAR,-0.248,0.158,-0.633,-0.683,True,0.800105771635057
ALKS,1.023,1.155,-0.16,-0.332,False,0.8158989576920381
LTH,2.309,2.413,-0.069,-0.491,False,1.0914806255069096
CUBE,0.068,0.311,-0.226,-0.32,True,0.9152764175839752
TTD,-0.628,1.712,-0.663,-0.876,True,0.9129008781490326
POWL,30.887,37.759,-0.209,-0.558,False,0.8957651064345447
WAL,0.175,0.338,-0.066,-0.303,True,0.3523711509989502
OSK,0.315,0.609,-0.402,-0.429,True,0.8083985885793605
ALV,0.433,0.665,-0.239,-0.393,True,0.8474313197793706
AAON,2.422,3.358,-0.039,-0.489,True,0.9068989246256576
DOCU,-0.809,0.287,-0.84,-0.876,False,0.8918076158487358
CNM,1.024,1.985,-0.158,-0.387,True,1.1106103848807871
CIFR,5.05,6.73,-0.444,-0.717,False,0.4790408499704797
HIMS,3.879,7.927,-0.596,-0.789,False,0.7133130548182629
BLDR,0.89,3.708,-0.097,-0.686,True,1.108782636834599
RRC,1.586,2.324,-0.146,-0.377,False,0.8068813551466532
MTCH,-0.719,0.244,-0.806,-0.844,False,0.8008788571757468
GKOS,1.696,2.16,-0.317,-0.537,False,0.8038550464912124
CHWY,-0.724,0.28,-0.799,-0.843,False,0.8872970929303667
ARE,-0.658,0.0,-0.743,-0.743,True,0.8414830468157146
RIOT,-0.063,0.729,-0.871,-0.926,False,0.9240420904448989
AOS,-0.028,0.383,-0.292,-0.427,True,0.817223650596163
MXL,1.906,2.31,-0.763,-0.881,False,0.9153754763333528
AGCO,-0.005,0.196,-0.361,-0.435,True,0.8008788571757468
TGTX,3.942,4.155,-0.064,-0.42,False,0.7681342245819609
CDP,0.576,0.576,-0.195,-0.237,False,0.817223650596163
MIDDV,0.0,0.0,0.0,0.0,True,0.7902786905653632
MBLY,-0.741,0.178,-0.824,-0.851,False,0.7756737241680982
CAVA,-0.423,0.091,-0.685,-0.711,False,0.27276108602901417
QBTS,31.639,61.194,-0.049,-0.71,False,0.7756737241680982
ZWS,1.008,1.158,-0.215,-0.473,True,0.8486307417784629
FSS,1.013,1.04,-0.008,-0.315,True,0.7883701412459787
SSD,0.908,0.985,-0.301,-0.445,True,0.8008788571757468
MIDD,-0.036,0.121,-0.376,-0.444,True,0.7902786905653632
TTEK,0.02,0.742,-0.092,-0.475,True,0.8827733116416026
RHP,0.969,1.065,-0.022,-0.321,True,0.8063489460020139
HQY,0.456,0.807,-0.058,-0.361,False,0.8191242097919089
KNSL,1.004,2.168,-0.115,-0.468,True,0.9032471620661233
BIO,-0.513,0.354,-0.645,-0.738,True,0.9158349783405422
TEX,0.535,0.666,-0.419,-0.513,True,0.817223650596163
KNTK,0.23,0.325,-0.211,-0.303,True,0.3365989385833634
EMN,-0.258,0.186,-0.399,-0.493,True,0.8063489460020139
SNAP,-0.921,0.385,-0.935,-0.953,False,0.9184096152561223
POOL,-0.308,0.738,-0.441,-0.679,True,1.0979161861708495
REXR,-0.511,0.026,-0.569,-0.58,True,0.8964042922773103
JBTM,0.387,0.609,0.0,-0.315,False,0.3402754300257873
QRVO,-0.534,0.0,-0.739,-0.739,True,0.8038550464912124
HXL,0.809,0.845,-0.135,-0.382,False,0.8414830468157146
JXN,2.83,3.402,-0.142,-0.415,True,0.8707585038041896
YOU,0.83,1.045,-0.51,-0.51,False,0.9722910543231689
Z,-0.71,0.092,-0.763,-0.783,False,0.9235790984689998
ZG,-0.717,0.081,-0.766,-0.783,False,0.9235790984689998
CRUS,0.629,0.99,-0.29,-0.469,True,1.1319312032615425
RSI,2.977,3.015,0.0,-0.42,False,0.5145064309712304
AXTA,0.131,0.365,-0.304,-0.384,True,0.8068813551466532
UGI,-0.076,0.07,-0.527,-0.538,True,0.8038550464912124
MAC,0.824,0.853,-0.092,-0.396,False,0.4367501935981275
NFG,-0.03,0.193,-0.057,-0.209,False,0.3523711509989502
MIRM,5.005,5.17,-0.123,-0.325,False,1.0914806255069096
MRCY,2.092,2.092,-0.341,-0.391,False,0.8882713706238712
PLXS,1.923,2.061,-0.147,-0.349,True,0.8889505425257744
NEU,1.761,2.029,-0.085,-0.328,True,0.8083985885793605
IDCC,3.207,4.884,-0.43,-0.444,True,0.7012401685308081
TRNO,0.107,0.119,-0.238,-0.263,True,0.839122542773342
CORZ,5.514,7.011,-0.016,-0.649,True,0.47042532339479326
SLAB,0.512,0.525,-0.403,-0.59,False,0.8158989576920381
FAF,0.301,0.302,-0.285,-0.437,True,0.9184096152561223
KMX,-0.603,0.185,-0.764,-0.801,True,0.8641563917621924
ETSY,-0.56,0.794,-0.753,-0.863,True,0.9077429187656374
PTCT,1.216,1.349,-0.508,-0.694,False,0.8951288530965131
MHK,-0.384,0.078,-0.607,-0.635,True,0.817223650596163
VSH,1.471,2.132,-0.504,-0.636,True,0.800105771635057
AVTR,-0.734,0.17,-0.803,-0.832,True,0.817223650596163
HR,0.289,0.315,-0.29,-0.317,False,0.8882713706238712
LAD,-0.218,0.05,-0.52,-0.527,True,0.9032471620661233
LQDA,9.437,9.491,-0.241,-0.468,False,0.8799905064336937
GAP,-0.312,0.058,-0.755,-0.761,False,0.9033375583012822
LSTR,0.306,0.419,-0.256,-0.388,True,0.9158349783405422
GTES,0.52,0.625,-0.457,-0.466,True,0.8023451580849241
MYRG,3.766,4.158,-0.206,-0.503,True,0.8158989576920381
GOLF,1.453,1.457,-0.255,-0.334,True,0.9077429187656374
PPC,0.522,1.781,-0.08,-0.49,False,0.8083985885793605
AWI,0.547,0.981,-0.408,-0.461,True,0.8151543709828799
ACMR,4.232,4.666,-0.734,-0.848,True,0.8939588917373562
RRR,0.858,0.947,-0.217,-0.417,False,0.8008788571757468
AVT,1.411,1.567,-0.103,-0.271,True,0.7910291609182505
MOS,-0.311,1.258,-0.359,-0.716,False,0.9235790984689998
ST,-0.126,0.155,-0.674,-0.717,True,0.8151543709828799
LEA,-0.113,0.178,-0.503,-0.578,True,0.8008788571757468
LNTH,3.028,3.57,-0.167,-0.595,False,0.8158989576920381
KGS,2.061,2.225,-0.014,-0.386,True,0.4065598090233251
VSEC,4.58,4.58,-0.207,-0.303,False,0.9152764175839752
EPRT,0.246,0.407,-0.324,-0.384,True,0.8158989576920381
BB,0.351,0.351,-0.777,-0.778,False,0.6924569738518525
PAYC,-0.705,0.186,-0.751,-0.79,False,0.8038550464912124
PCOR,-0.089,0.91,-0.172,-0.566,False,0.9183491458907984
SRRK,0.597,0.663,-0.859,-0.868,False,0.6995295486826165
LKQ,-0.411,0.208,-0.454,-0.548,True,0.8152785838880152
CAMT,2.718,3.962,-0.502,-0.632,True,0.7940674142832158
TMHC,0.047,0.092,-0.213,-0.279,True,0.312202414973364
RYN,-0.215,0.253,-0.289,-0.433,False,0.8008788571757468
GVA,3.104,3.389,-0.326,-0.394,False,0.8083985885793605
VFC,-0.751,0.021,-0.86,-0.863,True,0.8008788571757468
LGND,2.33,2.373,-0.504,-0.551,False,1.0473654159746326
AROC,0.676,0.814,-0.069,-0.169,True,0.35157231283303414
NOV,0.055,0.34,-0.38,-0.537,False,0.9348875943452808
AN,0.807,1.227,-0.13,-0.295,True,0.9392095351609058
SSRM,1.511,2.113,-0.653,-0.678,True,0.8226430744019975
MORN,-0.352,0.418,-0.433,-0.6,True,0.817223650596163
SM,0.512,1.906,-0.185,-0.65,False,0.817223650596163
CHRD,0.926,1.892,-0.099,-0.539,False,0.8038550464912124
INGR,0.279,0.975,-0.055,-0.364,False,0.8008788571757468
KLIC,2.37,2.37,-0.318,-0.604,True,1.0688051793726707
CROX,0.597,1.323,-0.393,-0.739,True,1.0699264163248094
M,0.714,1.271,-0.311,-0.696,False,1.0200057525374278
APPF,0.92,2.742,-0.042,-0.554,False,0.9818010136316995
TWST,-0.387,0.007,-0.931,-0.932,False,1.0553395687879839
S,-0.316,0.167,-0.535,-0.602,False,0.9882074341914673
GTX,5.254,5.745,0.0,-0.358,False,0.9032471620661233
STWD,0.124,0.297,-0.201,-0.232,True,1.0914806255069096
MTDR,1.027,1.822,-0.02,-0.483,False,0.9158349783405422
VSXY,2.366,2.833,-0.356,-0.695,False,0.41093227511759234
MATX,1.913,1.913,-0.219,-0.536,True,1.108782636834599
FLG,-0.517,0.276,-0.746,-0.801,True,0.8008788571757468
MCY,0.943,0.943,-0.54,-0.553,True,0.9235790984689998
FBIN,-0.37,0.027,-0.614,-0.624,True,0.9235790984689998
PSN,-0.015,1.099,-0.129,-0.585,True,0.7174498455101386
FND,-0.379,0.507,-0.543,-0.697,True,1.0979161861708495
CZR,-0.703,0.169,-0.823,-0.848,False,0.9229778298067113
PATH,-0.734,0.021,-0.784,-0.789,False,0.687398698837079
CWST,0.156,0.46,-0.132,-0.377,True,0.9070845929063815
WH,0.273,0.653,-0.161,-0.372,False,0.8083985885793605
ROAD,3.123,4.309,-0.276,-0.336,False,0.7640857883003258
BLCO,-0.184,0.018,-0.463,-0.472,False,0.3104603454080639
NSA,0.088,0.283,-0.423,-0.55,True,0.8152785838880152
PCTY,-0.594,0.013,-0.654,-0.658,False,0.6953580442761287
ESTC,-0.643,0.141,-0.736,-0.768,False,0.7637692252488415
IBP,1.737,3.164,-0.184,-0.427,True,0.9068989246256576
LMND,0.103,0.536,-0.832,-0.839,False,0.6995295486826165
DUOL,0.424,5.353,-0.232,-0.833,False,0.9642882755060376
CRSP,-0.59,0.194,-0.769,-0.807,False,0.914825446507102
NE,0.816,1.662,0.0,-0.318,True,0.3624955406865249
TFX,-0.662,0.019,-0.74,-0.745,True,0.8083985885793605
URBN,0.853,1.172,-0.528,-0.564,True,0.8960696934591954
GXO,-0.165,0.068,-0.487,-0.488,False,0.31798203026120775
NOVT,0.357,0.544,-0.177,-0.467,False,0.9772327339969007
ENPH,-0.753,0.775,-0.862,-0.922,False,1.0445997578143573
LYFT,-0.717,0.073,-0.848,-0.858,False,0.8038550464912124
ENVA,5.967,5.967,-0.234,-0.428,True,0.7296158296339583
PBF,4.845,5.968,-0.189,-0.76,False,0.8083985885793605
RUSHA,1.589,1.734,-0.072,-0.273,True,0.8008788571757468
PECO,0.201,0.223,-0.076,-0.151,True,0.31265581263209286
KRG,0.648,0.701,-0.185,-0.291,False,0.9077429187656374
LB,0.037,0.223,-0.367,-0.482,False,0.3365989385833634
OUT,0.83,0.888,-0.61,-0.678,False,0.8008788571757468
ACIW,0.171,0.32,-0.142,-0.35,False,0.4040468847299692
RLI,0.34,0.789,-0.115,-0.435,True,0.9184096152561223
NJR,0.656,0.7,-0.008,-0.278,False,0.7723806986817616
SON,0.054,0.066,-0.287,-0.329,False,0.8951288530965131
ALK,-0.136,0.291,-0.476,-0.554,False,0.7012401685308081
CAR,0.876,8.115,-0.292,-0.836,False,0.8152785838880152
CLF,-0.458,0.902,-0.665,-0.824,False,0.9153754763333528
IRDM,0.432,0.622,-0.6,-0.753,False,0.8486307417784629
GTLB,-0.298,0.629,-0.567,-0.734,False,0.4475503520748323
LAUR,3.039,3.104,-0.176,-0.253,False,0.7012401685308081
PRM,3.559,3.971,-0.063,-0.359,False,0.47042532339479326
RIG,-0.076,0.438,-0.596,-0.659,False,0.5237083682003405
BKH,0.162,0.2,-0.33,-0.37,True,0.9068989246256576
OTEX,-0.392,0.086,-0.468,-0.51,False,0.9153045257781423
MTRN,3.113,3.314,-0.039,-0.478,True,0.9032471620661233
ZETA,2.025,4.332,-0.118,-0.7,False,0.8970465635872524
SPHR,3.771,3.882,-0.475,-0.523,False,0.6995295486826165
RDNT,0.949,1.565,-0.549,-0.562,True,0.8023451580849241
AMRX,2.196,2.262,-0.761,-0.789,False,0.8939588917373562
WTM,0.731,0.946,-0.175,-0.202,True,1.108782636834599
TVTX,0.903,0.994,-0.822,-0.831,False,0.7296158296339583
EBC,0.58,0.58,-0.034,-0.25,True,0.469963978132097
STEP,0.015,0.857,-0.526,-0.602,True,0.7902786905653632
UEC,2.112,4.941,-0.301,-0.535,False,1.1106103848807871
PEGA,-0.506,0.118,-0.761,-0.786,False,0.8158989576920381
CE,-0.683,0.183,-0.751,-0.79,True,0.8113170241498278
GNTX,-0.188,0.172,-0.332,-0.43,True,0.8038550464912124
XMTR,2.002,2.025,-0.647,-0.819,False,1.011249835382936
WEX,-0.205,0.351,-0.367,-0.532,False,0.8152785838880152
RITM,-0.012,0.241,-0.098,-0.273,True,0.4296912153811059
BC,-0.144,0.034,-0.574,-0.588,True,0.9301268199814903
RELY,0.269,0.526,-0.358,-0.579,False,0.8799905064336937
GHC,1.006,1.04,-0.129,-0.198,True,0.839122542773342
VAL,0.062,0.662,-0.576,-0.638,False,0.5145064309712304
KVYO,-0.468,0.598,-0.582,-0.739,False,0.469963978132097
ASB,0.479,0.485,-0.394,-0.414,True,1.0592810854597001
TXG,-0.71,0.494,-0.947,-0.965,False,0.8939588917373562
ALHC,1.48,1.48,-0.538,-0.75,False,0.9068989246256576
MTN,-0.483,0.144,-0.556,-0.612,False,0.8936448440189919
DAVE,34.214,34.214,-0.582,-0.66,False,0.9803740930367866
TREX,-0.466,0.543,-0.669,-0.786,True,1.072440009303707
ADT,0.137,0.514,-0.208,-0.477,False,0.9183491458907984
SBRA,1.269,1.428,-0.031,-0.168,False,0.9017388574286835
HRB,0.567,1.505,0.0,-0.555,False,0.9772327339969007
SEI,9.817,11.211,-0.198,-0.554,False,0.8038550464912124
MARA,-0.32,2.87,-0.84,-0.959,True,0.9720231542881468
GPGI,3.11,5.423,-0.148,-0.557,True,1.079143048901234
VVV,0.251,0.561,-0.181,-0.393,True,0.8038550464912124
CNO,1.14,1.169,-0.367,-0.38,True,0.8939588917373562
OPEN,-0.725,0.377,-0.972,-0.979,False,0.7956440481290941
SITE,-0.432,0.303,-0.479,-0.6,True,0.9229778298067113
CHH,-0.046,0.341,-0.269,-0.455,True,0.8038550464912124
PRIM,3.432,8.668,-0.037,-0.581,False,1.0483914870344244
HASI,-0.123,0.146,-0.716,-0.752,True,1.072440009303707
IEP,-0.676,0.172,-0.737,-0.775,False,0.8939588917373562
TNGX,6.501,7.59,-0.713,-0.915,False,0.7152398286710651
REZI,-0.024,0.395,-0.551,-0.56,True,0.8038550464912124
SYNA,-0.208,0.0,-0.732,-0.732,True,0.9068989246256576
KNSA,3.526,3.602,-0.249,-0.388,True,1.1090685719559783
BOOT,1.071,1.656,-0.343,-0.606,False,0.9486150673233658
KTB,0.639,0.789,-0.462,-0.507,True,0.9720231542881468
WSC,-0.001,0.91,-0.457,-0.715,True,1.108782636834599
MGY,1.079,1.678,-0.014,-0.381,True,0.8063489460020139
KBR,-0.138,0.746,-0.256,-0.574,False,0.7331253058096918
DLB,-0.361,0.161,-0.378,-0.464,True,1.1674176932502456
UCTT,1.714,1.987,-0.626,-0.704,True,0.8152785838880152
TNL,0.715,0.781,-0.336,-0.437,True,0.8158989576920381
CECO,14.991,17.63,0.0,-0.479,False,0.9772327339969007
FELE,0.353,0.408,-0.16,-0.292,True,0.8063489460020139
FULT,0.527,0.527,-0.098,-0.299,True,0.4367501935981275
WING,0.123,1.726,-0.238,-0.721,True,1.0482840373356628
SR,0.284,0.551,-0.201,-0.253,True,0.8970465635872524
VCYT,0.343,0.357,-0.656,-0.715,False,0.8083985885793605
CENX,2.752,4.996,-0.54,-0.821,False,0.8038550464912124
KRC,-0.254,0.157,-0.594,-0.649,True,0.8083985885793605
LIVN,-0.069,0.046,-0.618,-0.635,False,0.8158989576920381
COLD,-0.487,0.052,-0.692,-0.708,False,0.8939588917373562
LIF,1.123,3.107,-0.0,-0.656,False,0.7251919664215694
SKY,0.644,1.109,-0.153,-0.479,True,0.9077429187656374
WAY,-0.457,0.043,-0.561,-0.579,False,0.3619550759866952
HLNE,-0.041,1.383,-0.348,-0.623,True,0.9067423416857745
AZZ,2.914,3.182,-0.238,-0.357,True,1.044868208592217
CSW,1.238,2.518,-0.217,-0.462,True,0.9251539988181638
LBRDK,-0.789,0.163,-0.811,-0.837,True,0.8939588917373562
LBRDA,-0.783,0.162,-0.805,-0.833,True,0.8939588917373562
TENB,-0.218,0.089,-0.669,-0.696,False,0.9068989246256576
MUR,0.719,1.431,-0.097,-0.585,False,0.8038550464912124
EPAM,-0.86,0.179,-0.875,-0.894,True,0.8008788571757468
EPR,0.668,0.72,-0.229,-0.356,False,0.9077429187656374
CBT,1.03,1.634,0.0,-0.488,False,1.0688051793726707
PI,2.224,4.43,-0.073,-0.738,False,0.8158989576920381
DIOD,0.413,0.646,-0.541,-0.695,True,0.9077429187656374
NVST,-0.394,0.135,-0.671,-0.71,True,0.9229778298067113
CRC,0.953,1.629,-0.058,-0.448,False,0.8008788571757468
HHH,0.042,0.291,-0.117,-0.314,False,0.4003591307095087
IPGP,-0.42,0.106,-0.748,-0.772,True,0.9229778298067113
PJT,1.01,1.463,-0.093,-0.325,True,0.6919278004007945
CRNX,1.319,2.638,-0.043,-0.579,False,0.7227313954702346
BBWI,-0.485,0.626,-0.661,-0.792,False,1.0526802648765994
ACAD,-0.073,0.168,-0.481,-0.556,False,0.7223857372488862
CVSA,3.215,4.077,-0.351,-0.421,False,0.7092571954931832
EE,0.48,0.664,-0.483,-0.546,False,0.9803740930367866
RXO,0.922,1.018,-0.274,-0.431,False,0.3459120426413127
BMI,0.542,1.653,-0.247,-0.551,True,0.8151543709828799
ELF,1.623,6.262,-0.299,-0.773,False,0.8038550464912124
OPLN,1.217,1.366,-0.384,-0.41,True,0.8152785838880152
PFSI,0.846,2.447,-0.176,-0.498,True,0.9068989246256576
BCO,0.372,0.874,-0.356,-0.386,False,0.8151543709828799
ACLS,1.883,2.241,-0.314,-0.788,False,0.6953580442761287
HCC,3.554,5.418,-0.088,-0.455,False,0.8152785838880152
GFF,3.946,4.222,0.0,-0.354,True,0.9152764175839752
MMSI,0.257,0.996,-0.065,-0.453,False,1.0588743903614963
LAZ,0.11,0.528,-0.363,-0.442,True,0.8063489460020139
SEB,0.136,0.559,-0.376,-0.44,False,0.8063489460020139
MIR,0.137,0.889,0.0,-0.468,False,0.3619550759866952
INSW,4.617,5.499,-0.17,-0.504,False,0.839122542773342
HGTY,0.238,0.419,-0.222,-0.311,False,0.8882713706238712
TPC,3.483,4.482,-0.065,-0.409,False,0.5191388529255945
CATY,0.877,0.877,-0.252,-0.401,True,0.8023451580849241
DORM,0.338,0.64,-0.387,-0.493,True,0.8068813551466532
OLLI,-0.101,0.676,-0.547,-0.595,True,0.9091099180899882
DOCS,-0.382,1.38,-0.485,-0.783,True,0.9825319139118855
PLNT,-0.298,0.512,-0.414,-0.612,True,0.8023451580849241
CRK,1.693,4.64,-0.104,-0.642,False,0.9077429187656374
AXTI,5.831,13.793,-0.878,-0.906,True,0.919146109233246
EXLS,-0.016,0.902,-0.074,-0.513,True,0.8444963687421909
IRT,-0.198,0.115,-0.491,-0.543,True,0.8481091356595043
IRTC,-0.186,0.238,-0.726,-0.726,False,1.108782636834599
RLAY,1.362,1.625,-0.734,-0.834,False,0.7883701412459787
LUNR,1.869,5.491,-0.7,-0.719,True,0.7251919664215694
FBP,1.46,1.46,-0.115,-0.324,True,0.8023451580849241
EXTR,1.762,1.844,-0.245,-0.672,False,0.9032471620661233
VNT,-0.137,0.363,-0.501,-0.545,False,0.8008788571757468
ONDS,1.491,3.406,-0.894,-0.894,False,0.9803740930367866
DNLI,-0.519,0.453,-0.787,-0.854,False,0.9229778298067113
NAMS,0.553,0.831,-0.342,-0.44,False,0.28600448134317613
FOUR,-0.434,0.447,-0.649,-0.716,False,0.8008788571757468
CNR,3.141,6.052,-0.017,-0.521,True,0.8063489460020139
POWI,-0.026,0.263,-0.63,-0.707,True,1.0688051793726707
WSFS,0.703,0.703,-0.374,-0.412,True,0.8970465635872524
WHD,0.421,0.991,-0.106,-0.514,True,0.8083985885793605
BNL,0.058,0.065,-0.417,-0.417,True,0.7196929505274969
CALM,0.97,1.779,-0.152,-0.37,False,0.7096607194221622
POST,-0.123,0.164,-0.164,-0.282,True,0.5520332820693921
BILL,-0.783,0.912,-0.821,-0.907,False,1.0688051793726707
ANF,1.261,3.71,-0.648,-0.699,False,0.8960696934591954
ICUI,-0.196,0.132,-0.561,-0.612,True,0.9818010136316995
BFAM,-0.496,0.17,-0.616,-0.672,False,0.8008788571757468
SLG,0.136,0.62,-0.253,-0.539,False,0.4806725888833032
MWA,0.734,1.091,-0.344,-0.413,True,0.8038550464912124
THO,-0.372,0.137,-0.474,-0.537,True,1.0716900389076125
BOX,0.068,0.499,-0.169,-0.446,False,0.9882074341914673
APLE,0.478,0.521,-0.132,-0.33,False,0.8038550464912124
SMG,-0.654,0.052,-0.827,-0.835,True,1.0562360821484993
MHO,1.246,1.509,-0.488,-0.515,True,0.9153754763333528
CHEF,2.253,2.279,-0.392,-0.561,False,0.8158989576920381
ABG,-0.033,0.494,-0.311,-0.424,True,0.914825446507102
BELFB,6.475,6.827,-0.082,-0.365,True,0.8804920125742404
BWIN,-0.143,0.76,-0.475,-0.702,False,0.4790408499704797
CPRX,3.829,3.839,-0.043,-0.454,True,0.9772327339969007
ITRI,0.751,1.868,-0.134,-0.436,False,0.9038164007494209
BELFA,5.618,5.842,-0.094,-0.434,True,0.8804920125742404
LBRT,1.595,2.622,-0.119,-0.588,False,0.817223650596163
MAT,-0.36,0.257,-0.363,-0.493,False,0.9032471620661233
GEF,0.286,0.299,-0.195,-0.311,True,0.7583593743470534
RCUS,0.204,0.487,-0.714,-0.808,False,0.9818010136316995
PLMR,1.021,1.656,-0.331,-0.538,False,0.8939588917373562
OLED,-0.581,0.16,-0.581,-0.639,True,0.8038550464912124
FG,-0.25,0.274,-0.443,-0.562,True,0.4685336928505044
TDS,1.389,2.059,-0.025,-0.221,False,0.495963465196392
KBH,0.643,1.36,-0.35,-0.483,True,0.8296997172338034
IDYA,1.13,1.776,-0.215,-0.692,False,1.0483914870344244
BHF,0.369,0.414,-0.165,-0.352,False,0.8008788571757468
BKD,1.17,1.3,-0.678,-0.686,False,0.6953580442761287
KAI,0.537,1.104,-0.223,-0.412,True,0.7956440481290941
AGO,0.561,0.8,-0.162,-0.302,True,0.9183491458907984
LASR,1.51,2.184,-0.759,-0.825,False,0.8939588917373562
PLUG,-0.894,0.786,-0.972,-0.984,False,0.919146109233246
YETI,-0.444,0.217,-0.696,-0.75,True,0.9486150673233658
PII,-0.448,0.049,-0.741,-0.753,False,0.914825446507102
GNW,1.885,1.885,-0.042,-0.266,True,1.108782636834599
LBTYK,-0.264,0.063,-0.426,-0.46,False,0.9229778298067113
BEAM,-0.064,0.965,-0.594,-0.793,False,0.9818010136316995
LBTYA,-0.223,0.067,-0.465,-0.498,False,0.9229778298067113
KFY,-0.02,0.106,-0.391,-0.449,True,0.7672503854394792
BKU,0.428,0.486,-0.568,-0.632,True,0.8063489460020139
WRBY,0.865,0.926,0.0,-0.423,False,0.3365989385833634
AVNT,-0.023,0.428,-0.328,-0.529,True,1.0979161861708495
PVH,-0.324,0.25,-0.603,-0.636,False,0.8872970929303667
PAY,0.97,2.088,-0.457,-0.493,True,0.9002582425274663
GPI,0.774,2.013,-0.142,-0.411,True,0.8038550464912124
UWMC,-0.549,0.616,-0.59,-0.746,False,0.9486150673233658
PPLI,-0.679,0.0,-0.78,-0.78,False,1.0441306949630862
SMR,3.856,24.565,-0.081,-0.829,False,0.7756737241680982
CNK,1.15,1.398,-0.444,-0.622,False,0.8008788571757468
AMBA,-0.082,1.252,-0.587,-0.817,False,0.8932411584377942
JOE,0.412,0.666,-0.306,-0.484,True,0.9153754763333528
CLSK,-0.294,0.212,-0.908,-0.92,False,0.9077429187656374
SEDG,-0.804,0.286,-0.963,-0.972,True,0.8152785838880152
FA,0.434,0.541,-0.321,-0.559,False,1.0091503166815707
ADPT,-0.389,0.158,-0.936,-0.945,False,0.9229778298067113
PENG,1.457,1.714,-0.549,-0.654,True,0.8406459778808295
TDC,-0.118,0.507,-0.509,-0.674,False,0.8939588917373562
LEU,1.226,4.834,-0.751,-0.751,True,0.6999299130160765
NVTS,2.027,4.822,-0.706,-0.852,False,0.9803740930367866
PRVA,0.118,0.787,-0.331,-0.626,False,1.011249835382936
RHI,-0.598,0.266,-0.739,-0.794,True,0.8152785838880152
NHC,1.165,1.165,-0.055,-0.131,True,0.3365989385833634
TDW,2.335,4.414,-0.103,-0.703,False,0.9818010136316995
NSIT,0.13,1.125,-0.392,-0.714,True,0.7012401685308081
VAC,-0.183,0.216,-0.641,-0.705,False,0.8152785838880152
AVA,0.146,0.2,-0.235,-0.287,True,0.8957651064345447
OPCH,0.051,0.828,-0.168,-0.467,False,1.038208998303285
QTWO,-0.485,0.138,-0.786,-0.807,False,0.9077429187656374
CCC,-0.363,0.58,-0.501,-0.684,False,0.9183491458907984
ICHR,1.444,1.455,-0.693,-0.718,True,0.8152785838880152
BATRK,0.228,0.235,-0.142,-0.187,False,0.4367501935981275
VECO,2.191,2.757,-0.225,-0.642,False,0.9235790984689998
BATRA,0.279,0.279,-0.12,-0.166,False,0.4367501935981275
RARE,-0.72,0.0,-0.84,-0.84,False,0.9229778298067113
GRBK,2.222,2.432,-0.283,-0.451,True,0.8063489460020139
RNG,-0.894,0.0,-0.944,-0.944,False,1.108782636834599
CALY,-0.45,0.1,-0.836,-0.851,False,0.9129008781490326
FLNC,-0.159,0.476,-0.835,-0.884,False,0.9089028022795187
ARQT,0.886,1.277,-0.048,-0.375,False,0.35157231283303414
AWR,0.005,0.036,-0.241,-0.267,True,0.8794898466917025
PTEN,0.077,1.182,-0.366,-0.709,False,0.7196929505274969
DK,1.602,1.602,-0.461,-0.636,False,0.8939588917373562
COLM,-0.331,0.036,-0.494,-0.512,False,0.8038550464912124
ADEA,3.045,3.237,-0.308,-0.384,False,0.9229778298067113
CWK,-0.242,0.267,-0.643,-0.718,False,0.8008788571757468
SIG,0.201,0.515,-0.35,-0.571,False,0.8872970929303667
CARG,0.129,0.556,-0.617,-0.754,True,0.8038550464912124
OUST,2.449,2.593,-0.814,-0.834,False,0.9002582425274663
ITGR,-0.034,0.475,-0.478,-0.561,True,0.8083985885793605
ARCB,1.157,1.672,-0.131,-0.624,True,0.8008788571757468
KN,1.499,1.64,-0.213,-0.38,True,0.5286721966646131
GPK,-0.45,0.509,-0.543,-0.697,True,0.8964042922773103
AGYS,0.96,1.551,-0.417,-0.561,False,0.8083985885793605
ALGT,-0.442,0.038,-0.83,-0.836,False,0.9229778298067113
RUN,-0.729,0.213,-0.883,-0.903,False,0.8038550464912124
ATRO,6.399,7.478,-0.409,-0.447,False,0.8315599450373334
PFS,0.237,0.237,-0.389,-0.436,True,0.9129008781490326
BHE,3.252,3.416,-0.122,-0.367,True,0.9068989246256576
ARLP,4.108,5.091,0.0,-0.291,True,0.8008788571757468
HP,0.218,0.825,-0.425,-0.685,False,0.7593415054023893
PARR,2.745,3.408,-0.247,-0.697,False,0.8038550464912124
CRGY,-0.261,0.218,-0.464,-0.559,False,0.9772327339969007
NTCT,0.265,0.283,-0.48,-0.534,False,0.7012401685308081
MGNI,-0.585,0.068,-0.882,-0.889,False,1.0979161861708495
CLDX,0.864,1.852,-0.233,-0.731,False,1.0200057525374278
GPOR,1.267,2.05,-0.167,-0.432,False,0.9077429187656374
EEFT,-0.415,0.136,-0.504,-0.564,False,0.8063489460020139
EXPO,-0.44,0.109,-0.499,-0.548,True,0.8008788571757468
DBRG,-0.387,0.306,-0.737,-0.798,False,0.9129008781490326
BKV,0.276,0.508,-0.254,-0.4,False,0.27276108602901417
USLM,2.83,4.669,-0.27,-0.459,True,0.817223650596163
MMS,-0.307,0.261,-0.323,-0.451,True,0.8038550464912124
APAM,0.002,0.298,-0.435,-0.472,True,0.9153754763333528
CPK,0.161,0.294,-0.228,-0.387,True,0.9235790984689998
KALU,0.861,0.971,-0.514,-0.558,False,0.8068813551466532
HWKN,2.99,4.311,-0.084,-0.348,True,0.8083985885793605
DBD,1.319,1.471,0.0,-0.258,False,0.469963978132097
ASO,0.23,0.91,-0.307,-0.542,True,0.8932411584377942
SHOO,0.236,0.416,-0.437,-0.602,False,1.02595636660012
WK,-0.634,0.16,-0.681,-0.725,False,0.8063489460020139
SPNT,1.26,1.284,-0.604,-0.63,True,1.0699264163248094
TARS,1.119,1.872,-0.614,-0.713,False,0.9301268199814903
PK,0.154,0.183,-0.389,-0.474,False,0.8008788571757468
VC,-0.217,0.343,-0.475,-0.609,True,0.9348875943452808
BSM,1.178,1.403,-0.032,-0.255,True,0.8063489460020139
FSLY,1.121,2.829,-0.429,-0.8,False,1.079143048901234
TR,0.417,0.582,-0.126,-0.364,True,0.8008788571757468
RUM,-0.114,1.296,-0.522,-0.713,False,0.7251919664215694
PENN,-0.701,0.181,-0.836,-0.861,True,0.8038550464912124
GRND,2.083,3.859,-0.006,-0.602,False,0.7251919664215694
TRN,0.364,0.505,-0.267,-0.396,True,0.8110679511360217
PATK,0.717,1.909,-0.464,-0.546,True,1.108782636834599
DAN,0.262,0.867,-0.646,-0.673,True,0.817223650596163
OSW,1.882,1.893,-0.31,-0.45,False,0.8008788571757468
HUBG,0.464,0.711,-0.025,-0.408,True,0.8008788571757468
DKL,0.998,1.081,-0.038,-0.366,True,0.8038550464912124
VISN,1.767,1.882,-0.905,-0.909,False,1.1090685719559783
NMRK,0.23,0.545,-0.603,-0.719,True,0.8023451580849241
COHU,0.503,0.607,-0.71,-0.735,False,1.108782636834599
KWR,-0.338,0.063,-0.609,-0.632,True,0.8038550464912124
AEO,-0.404,0.13,-0.695,-0.73,False,0.9020247621431718
BTU,0.202,1.133,-0.451,-0.668,True,0.8970465635872524
MPT,-0.645,0.256,-0.805,-0.845,True,0.8023451580849241
UTI,5.756,5.756,-0.231,-0.512,False,0.8063489460020139
CC,-0.288,0.378,-0.675,-0.764,True,0.817223650596163
HLIO,0.176,0.541,-0.644,-0.769,True,0.9301268199814903
BRZE,-0.538,0.204,-0.682,-0.736,False,0.7352210319014669
SAH,0.69,0.767,-0.355,-0.38,True,0.8083985885793605
RDW,3.569,8.885,-0.08,-0.803,False,0.8852434854107127
IMNM,1.717,2.41,0.0,-0.336,False,0.29549142617085744
WOR,0.841,1.267,-0.245,-0.424,True,0.831848511046883
ESTA,0.224,0.224,-0.703,-0.743,False,0.817223650596163
CLOV,-0.249,0.053,-0.913,-0.918,False,0.6995295486826165
WLY,0.171,0.171,-0.345,-0.36,False,0.2505226277659509
FRPT,-0.678,0.048,-0.777,-0.787,False,0.9235790984689998
BCC,1.161,3.306,0.0,-0.565,True,1.072440009303707
KMT,0.119,0.432,-0.438,-0.534,False,1.100553400725611
ABM,0.057,0.342,-0.171,-0.344,False,0.8519576798191459
NGVT,-0.146,0.068,-0.648,-0.671,True,0.8083985885793605
AVPT,0.404,1.453,0.0,-0.55,False,0.47042532339479326
WTTR,2.836,3.044,-0.09,-0.507,False,0.8152785838880152
PTON,-0.933,0.451,-0.967,-0.977,True,0.8939588917373562
LCII,-0.148,0.287,-0.406,-0.472,True,0.9235790984689998
DXPE,5.011,5.576,-0.195,-0.33,True,0.7032834595880286
NTLA,-0.638,0.507,-0.868,-0.912,False,0.9068989246256576
DRVN,-0.46,0.318,-0.606,-0.701,True,0.9183491458907984
XRAY,-0.795,0.036,-0.822,-0.828,True,0.8038550464912124
BLBD,2.419,2.472,-0.676,-0.709,False,0.7902786905653632
ALRM,-0.463,0.0,-0.533,-0.533,True,0.8038550464912124
WHR,-0.765,0.104,-0.788,-0.808,True,0.8299517463157762
TMDX,1.118,4.497,-0.607,-0.678,False,0.8008788571757468
CALX,-0.327,0.354,-0.497,-0.628,False,1.0100278390020954
DRH,0.478,0.534,-0.246,-0.379,False,0.8038550464912124
AXGN,0.873,0.966,-0.846,-0.846,False,0.9077429187656374
SKWD,0.95,1.13,-0.028,-0.365,True,0.7756737241680982
PGNY,-0.187,0.184,-0.623,-0.681,True,0.9732199447206258
PAYO,0.499,1.336,-0.201,-0.614,False,1.011249835382936
VVX,0.465,0.849,-0.393,-0.432,True,0.800105771635057
CENT,-0.047,0.017,-0.396,-0.396,True,0.9077429187656374
ABCL,0.329,1.538,-0.663,-0.867,False,0.9772327339969007
CENTA,-0.111,0.0,-0.398,-0.398,True,0.9077429187656374
XIFR,-0.816,0.039,-0.878,-0.883,True,0.9591555601473982
ATKR,-0.036,1.478,-0.325,-0.728,True,0.9032471620661233
VCEL,-0.15,0.277,-0.668,-0.74,False,0.9229778298067113
LMAT,0.789,1.122,-0.32,-0.343,True,0.8038550464912124
NWL,-0.7,0.069,-0.85,-0.86,True,0.817223650596163
NN,2.66,3.864,-0.249,-0.478,False,0.7618260595991446
DNOW,0.411,0.939,-0.128,-0.394,False,0.7092571954931832
ASTH,-0.435,0.354,-0.794,-0.848,True,0.6953580442761287
HCI,1.637,2.024,-0.608,-0.788,True,0.8939588917373562
SHAK,-0.367,0.582,-0.576,-0.648,False,0.8939588917373562
MTX,-0.038,0.146,-0.375,-0.425,True,0.817223650596163
ANDE,1.379,1.796,-0.17,-0.488,False,0.9229778298067113
CMPR,0.137,0.317,-0.789,-0.84,False,1.1240274319922592
RAMP,-0.206,0.206,-0.671,-0.727,False,0.8038550464912124
DAC,1.135,1.318,-0.21,-0.501,True,0.8063489460020139
AEHR,2.992,4.512,-0.679,-0.874,False,0.7950872106643616
CTOS,0.655,0.795,-0.534,-0.724,False,0.7828287502868201
FLYW,-0.293,0.334,-0.679,-0.76,False,0.8707585038041896
MCRI,1.048,1.107,-0.237,-0.418,False,0.8939588917373562
JBLU,-0.597,0.11,-0.767,-0.79,False,0.817223650596163
GRC,2.407,2.523,-0.175,-0.269,True,0.8970465635872524
OLN,-0.504,0.549,-0.564,-0.719,False,0.9153754763333528
MD,-0.183,0.099,-0.788,-0.807,False,0.8939588917373562
PRKS,-0.07,0.469,-0.413,-0.601,False,0.8008788571757468
AGIO,0.649,1.741,-0.06,-0.638,False,0.7883701412459787
SPSC,-0.465,0.977,-0.542,-0.768,False,0.8083985885793605
TALO,0.073,1.004,-0.492,-0.746,False,0.9077429187656374
DHC,3.294,3.466,-0.726,-0.726,True,0.8951288530965131
PRDO,0.099,0.254,-0.103,-0.272,True,0.3523711509989502
EZPW,5.846,5.846,-0.075,-0.359,False,1.100553400725611
CPRI,-0.676,0.237,-0.782,-0.824,True,0.817223650596163
BKE,0.729,1.352,-0.225,-0.419,True,0.8872970929303667
ZLAB,-0.37,0.583,-0.549,-0.715,False,1.0914806255069096
BFLY,-0.084,0.039,-0.919,-0.922,False,0.6993477778294597
HYMC,0.153,1.787,-0.912,-0.932,False,0.8152785838880152
HRMY,-0.312,0.164,-0.633,-0.685,False,0.9254520008448179
NMM,1.65,1.858,-0.29,-0.537,True,0.7856647822457816
INTA,0.194,2.359,-0.132,-0.742,False,1.0483914870344244
ADMA,2.861,9.991,0.0,-0.69,False,0.8707585038041896
OCUL,-0.403,0.024,-0.869,-0.872,False,0.9229778298067113
PEB,-0.162,0.159,-0.654,-0.701,False,0.8083985885793605
QUBT,13.138,37.501,-0.01,-0.824,False,0.3361462629987768
PLGO,0.295,0.295,-0.273,-0.299,False,0.27337935352586684
DEI,-0.449,0.02,-0.613,-0.62,True,0.9183491458907984
RXRX,-0.628,0.607,-0.712,-0.821,False,0.9100519882658946
NTST,0.338,0.357,-0.233,-0.233,False,0.6971649535617064
MNR,-0.115,0.057,-0.31,-0.347,True,0.4065598090233251
SHO,0.123,0.189,-0.26,-0.367,False,0.8152785838880152
ALG,0.175,0.633,-0.242,-0.363,True,0.8152785838880152
VERX,-0.327,2.169,-0.484,-0.821,False,0.9486150673233658
AVAH,0.881,1.18,-0.219,-0.394,False,0.4367501935981275
NEOG,-0.462,0.377,-0.746,-0.816,False,1.0082216699270332
ATEX,1.017,1.017,-0.665,-0.696,False,0.7723806986817616
TGLS,2.063,4.717,-0.044,-0.568,True,0.8939588917373562
STC,0.384,0.544,-0.342,-0.535,True,0.8063489460020139
OMCL,-0.724,0.207,-0.838,-0.866,False,0.8008788571757468
WOLF,1.016,2.326,-0.33,-0.582,False,0.8144515382869357
IMAX,1.45,1.727,-0.261,-0.442,False,0.8151543709828799
NWN,0.19,0.35,-0.226,-0.319,False,0.839122542773342
SEM,-0.516,0.146,-0.661,-0.704,True,0.8038550464912124
WGS,1.469,4.768,-0.957,-0.957,False,0.9803740930367866
IOSP,0.022,0.578,-0.186,-0.484,True,0.8152785838880152
ALKT,0.254,1.828,-0.263,-0.654,False,0.9002582425274663
SRPT,-0.768,1.086,-0.848,-0.927,False,0.8152785838880152
STOK,1.469,1.894,-0.555,-0.576,False,0.31798203026120775
NEXT,0.966,2.117,-0.455,-0.6,False,0.7133130548182629
FCEL,-0.941,0.542,-0.993,-0.996,False,1.0874880314551407
NVCR,-0.894,0.513,-0.933,-0.956,False,1.0979161861708495
AMR,1.807,6.886,-0.24,-0.775,False,0.6953580442761287
